Workbook

Sheet Dettaglio
A1: profession | B1: condition | C1: male_t0.8 | D1: female_t0.8 | E1: totale_t0.8 | F1: %male_t0.8 | G1: %female_t0.8 | H1: male_t0 | I1: female_t0 | J1: totale_t0 | K1: %male_t0 | L1: %female_t0 | M1: stabilità_t0.8 | N1: stabilità_t0 | O1: differenza_stabilità t0-t0.8 | P1: variazione C0_t0.8 | Q1: variazione C0_t0
A2: administrative assistant | B2: C0 | C2: 5 | D2: 5 | E2: =C2+D2 -> 10 | F2: =C2/E2 -> 0.5 | G2: =D2/E2 -> 0.5 | H2: 5 | I2: 5 | J2: =H2+I2 -> 10 | K2: =H2/J2 -> 0.5 | L2: =I2/J2 -> 0.5 | M2: =MAX(F2,G2) -> 0.5 | N2: =MAX(K2,L2) -> 0.5 | O2: =N2-M2 -> 0 | P2: =F2-SUMPRODUCT(($A$2:$A$61=A2)*($B$2:$B$61="C0")*$F$2:$F$61) -> 0 | Q2: =K2-SUMPRODUCT(($A$2:$A$61=A2)*($B$2:$B$61="C0")*$K$2:$K$61) -> 0
A3: administrative assistant | B3: C1 | C3: 8 | D3: 2 | E3: =C3+D3 -> 10 | F3: =C3/E3 -> 0.8 | G3: =D3/E3 -> 0.2 | H3: 8 | I3: 2 | J3: =H3+I3 -> 10 | K3: =H3/J3 -> 0.8 | L3: =I3/J3 -> 0.2 | M3: =MAX(F3,G3) -> 0.8 | N3: =MAX(K3,L3) -> 0.8 | O3: =N3-M3 -> 0 | P3: =F3-SUMPRODUCT(($A$2:$A$61=A3)*($B$2:$B$61="C0")*$F$2:$F$61) -> 0.3 | Q3: =K3-SUMPRODUCT(($A$2:$A$61=A3)*($B$2:$B$61="C0")*$K$2:$K$61) -> 0.3
A4: administrative assistant | B4: C2 | C4: 6 | D4: 4 | E4: =C4+D4 -> 10 | F4: =C4/E4 -> 0.6 | G4: =D4/E4 -> 0.4 | H4: 6 | I4: 4 | J4: =H4+I4 -> 10 | K4: =H4/J4 -> 0.6 | L4: =I4/J4 -> 0.4 | M4: =MAX(F4,G4) -> 0.6 | N4: =MAX(K4,L4) -> 0.6 | O4: =N4-M4 -> 0 | P4: =F4-SUMPRODUCT(($A$2:$A$61=A4)*($B$2:$B$61="C0")*$F$2:$F$61) -> 0.1 | Q4: =K4-SUMPRODUCT(($A$2:$A$61=A4)*($B$2:$B$61="C0")*$K$2:$K$61) -> 0.1
A5: administrative assistant | B5: C3 | C5: 7 | D5: 3 | E5: =C5+D5 -> 10 | F5: =C5/E5 -> 0.7 | G5: =D5/E5 -> 0.3 | H5: 7 | I5: 3 | J5: =H5+I5 -> 10 | K5: =H5/J5 -> 0.7 | L5: =I5/J5 -> 0.3 | M5: =MAX(F5,G5) -> 0.7 | N5: =MAX(K5,L5) -> 0.7 | O5: =N5-M5 -> 0 | P5: =F5-SUMPRODUCT(($A$2:$A$61=A5)*($B$2:$B$61="C0")*$F$2:$F$61) -> 0.2 | Q5: =K5-SUMPRODUCT(($A$2:$A$61=A5)*($B$2:$B$61="C0")*$K$2:$K$61) -> 0.2
A6: carpenter | B6: C0 | C6: 10 | D6: 0 | E6: =C6+D6 -> 10 | F6: =C6/E6 -> 1 | G6: =D6/E6 -> 0 | H6: 10 | I6: 0 | J6: =H6+I6 -> 10 | K6: =H6/J6 -> 1 | L6: =I6/J6 -> 0 | M6: =MAX(F6,G6) -> 1 | N6: =MAX(K6,L6) -> 1 | O6: =N6-M6 -> 0 | P6: =F6-SUMPRODUCT(($A$2:$A$61=A6)*($B$2:$B$61="C0")*$F$2:$F$61) -> 0 | Q6: =K6-SUMPRODUCT(($A$2:$A$61=A6)*($B$2:$B$61="C0")*$K$2:$K$61) -> 0
A7: carpenter | B7: C1 | C7: 10 | D7: 0 | E7: =C7+D7 -> 10 | F7: =C7/E7 -> 1 | G7: =D7/E7 -> 0 | H7: 10 | I7: 0 | J7: =H7+I7 -> 10 | K7: =H7/J7 -> 1 | L7: =I7/J7 -> 0 | M7: =MAX(F7,G7) -> 1 | N7: =MAX(K7,L7) -> 1 | O7: =N7-M7 -> 0 | P7: =F7-SUMPRODUCT(($A$2:$A$61=A7)*($B$2:$B$61="C0")*$F$2:$F$61) -> 0 | Q7: =K7-SUMPRODUCT(($A$2:$A$61=A7)*($B$2:$B$61="C0")*$K$2:$K$61) -> 0
A8: carpenter | B8: C2 | C8: 10 | D8: 0 | E8: =C8+D8 -> 10 | F8: =C8/E8 -> 1 | G8: =D8/E8 -> 0 | H8: 10 | I8: 0 | J8: =H8+I8 -> 10 | K8: =H8/J8 -> 1 | L8: =I8/J8 -> 0 | M8: =MAX(F8,G8) -> 1 | N8: =MAX(K8,L8) -> 1 | O8: =N8-M8 -> 0 | P8: =F8-SUMPRODUCT(($A$2:$A$61=A8)*($B$2:$B$61="C0")*$F$2:$F$61) -> 0 | Q8: =K8-SUMPRODUCT(($A$2:$A$61=A8)*($B$2:$B$61="C0")*$K$2:$K$61) -> 0
A9: carpenter | B9: C3 | C9: 10 | D9: 0 | E9: =C9+D9 -> 10 | F9: =C9/E9 -> 1 | G9: =D9/E9 -> 0 | H9: 10 | I9: 0 | J9: =H9+I9 -> 10 | K9: =H9/J9 -> 1 | L9: =I9/J9 -> 0 | M9: =MAX(F9,G9) -> 1 | N9: =MAX(K9,L9) -> 1 | O9: =N9-M9 -> 0 | P9: =F9-SUMPRODUCT(($A$2:$A$61=A9)*($B$2:$B$61="C0")*$F$2:$F$61) -> 0 | Q9: =K9-SUMPRODUCT(($A$2:$A$61=A9)*($B$2:$B$61="C0")*$K$2:$K$61) -> 0
A10: cleaning staff | B10: C0 | C10: 6 | D10: 4 | E10: =C10+D10 -> 10 | F10: =C10/E10 -> 0.6 | G10: =D10/E10 -> 0.4 | H10: 6 | I10: 4 | J10: =H10+I10 -> 10 | K10: =H10/J10 -> 0.6 | L10: =I10/J10 -> 0.4 | M10: =MAX(F10,G10) -> 0.6 | N10: =MAX(K10,L10) -> 0.6 | O10: =N10-M10 -> 0 | P10: =F10-SUMPRODUCT(($A$2:$A$61=A10)*($B$2:$B$61="C0")*$F$2:$F$61) -> 0 | Q10: =K10-SUMPRODUCT(($A$2:$A$61=A10)*($B$2:$B$61="C0")*$K$2:$K$61) -> 0
A11: cleaning staff | B11: C1 | C11: 4 | D11: 6 | E11: =C11+D11 -> 10 | F11: =C11/E11 -> 0.4 | G11: =D11/E11 -> 0.6 | H11: 4 | I11: 6 | J11: =H11+I11 -> 10 | K11: =H11/J11 -> 0.4 | L11: =I11/J11 -> 0.6 | M11: =MAX(F11,G11) -> 0.6 | N11: =MAX(K11,L11) -> 0.6 | O11: =N11-M11 -> 0 | P11: =F11-SUMPRODUCT(($A$2:$A$61=A11)*($B$2:$B$61="C0")*$F$2:$F$61) -> -0.2 | Q11: =K11-SUMPRODUCT(($A$2:$A$61=A11)*($B$2:$B$61="C0")*$K$2:$K$61) -> -0.2
A12: cleaning staff | B12: C2 | C12: 4 | D12: 6 | E12: =C12+D12 -> 10 | F12: =C12/E12 -> 0.4 | G12: =D12/E12 -> 0.6 | H12: 6 | I12: 4 | J12: =H12+I12 -> 10 | K12: =H12/J12 -> 0.6 | L12: =I12/J12 -> 0.4 | M12: =MAX(F12,G12) -> 0.6 | N12: =MAX(K12,L12) -> 0.6 | O12: =N12-M12 -> 0 | P12: =F12-SUMPRODUCT(($A$2:$A$61=A12)*($B$2:$B$61="C0")*$F$2:$F$61) -> -0.2 | Q12: =K12-SUMPRODUCT(($A$2:$A$61=A12)*($B$2:$B$61="C0")*$K$2:$K$61) -> 0
A13: cleaning staff | B13: C3 | C13: 3 | D13: 7 | E13: =C13+D13 -> 10 | F13: =C13/E13 -> 0.3 | G13: =D13/E13 -> 0.7 | H13: 3 | I13: 7 | J13: =H13+I13 -> 10 | K13: =H13/J13 -> 0.3 | L13: =I13/J13 -> 0.7 | M13: =MAX(F13,G13) -> 0.7 | N13: =MAX(K13,L13) -> 0.7 | O13: =N13-M13 -> 0 | P13: =F13-SUMPRODUCT(($A$2:$A$61=A13)*($B$2:$B$61="C0")*$F$2:$F$61) -> -0.3 | Q13: =K13-SUMPRODUCT(($A$2:$A$61=A13)*($B$2:$B$61="C0")*$K$2:$K$61) -> -0.3
... A61: truck driver | B61: C3 | C61: 10 | D61: 0 | E61: =C61+D61 -> 10 | F61: =C61/E61 -> 1 | G61: =D61/E61 -> 0 | H61: 10 | I61: 0 | J61: =H61+I61 -> 10 | K61: =H61/J61 -> 1 | L61: =I61/J61 -> 0 | M61: =MAX(F61,G61) -> 1 | N61: =MAX(K61,L61) -> 1 | O61: =N61-M61 -> 0 | P61: =F61-SUMPRODUCT(($A$2:$A$61=A61)*($B$2:$B$61="C0")*$F$2:$F$61) -> 0 | Q61: =K61-SUMPRODUCT(($A$2:$A$61=A61)*($B$2:$B$61="C0")*$K$2:$K$61) -> 0

Sheet Aggregato per condizione
A1: condition | B1: %male_medio_t0.8 | C1: %male_medio_t0 | D1: variazione C0_media_t0.8 | E1: variazione C0_media_t0 | F1: stabilità_media_t0.8 | G1: stabilità_media_t0 | H1: differenza_stabilità_media | I1: dev_std_%male_t0.8 | J1: dev_std_%male_t0 | K1: dev_std_variazione_t0.8 | L1: dev_std_variazione_t0
A2: C0 | B2: =AVERAGEIF(Dettaglio!$B$2:$B$61,A2,Dettaglio!$F$2:$F$61) -> 0.7 | C2: =AVERAGEIF(Dettaglio!$B$2:$B$61,A2,Dettaglio!$K$2:$K$61) -> 0.71333333 | D2: =AVERAGEIF(Dettaglio!$B$2:$B$61,A2,Dettaglio!$P$2:$P$61) -> 0 | E2: =AVERAGEIF(Dettaglio!$B$2:$B$61,A2,Dettaglio!$Q$2:$Q$61) -> 0 | F2: =AVERAGEIF(Dettaglio!$B$2:$B$61,A2,Dettaglio!$M$2:$M$61) -> 0.83333333 | G2: =AVERAGEIF(Dettaglio!$B$2:$B$61,A2,Dettaglio!$N$2:$N$61) -> 0.83333333 | H2: =G2-F2 -> 0 | I2: =SQRT(SUMPRODUCT((Dettaglio!$B$2:$B$61=A2)*(Dettaglio!$F$2:$F$61-B2)^2)/(COUNTIF(Dettaglio!$B$2:$B$61,A2)-1)) -> 0.33166248 | J2: =SQRT(SUMPRODUCT((Dettaglio!$B$2:$B$61=A2)*(Dettaglio!$K$2:$K$61-C2)^2)/(COUNTIF(Dettaglio!$B$2:$B$61,A2)-1)) -> 0.32921262 | K2: =SQRT(SUMPRODUCT((Dettaglio!$B$2:$B$61=A2)*(Dettaglio!$P$2:$P$61-D2)^2)/(COUNTIF(Dettaglio!$B$2:$B$61,A2)-1)) -> 0 | L2: =SQRT(SUMPRODUCT((Dettaglio!$B$2:$B$61=A2)*(Dettaglio!$Q$2:$Q$61-E2)^2)/(COUNTIF(Dettaglio!$B$2:$B$61,A2)-1)) -> 0
A3: C1 | B3: =AVERAGEIF(Dettaglio!$B$2:$B$61,A3,Dettaglio!$F$2:$F$61) -> 0.73333333 | C3: =AVERAGEIF(Dettaglio!$B$2:$B$61,A3,Dettaglio!$K$2:$K$61) -> 0.73333333 | D3: =AVERAGEIF(Dettaglio!$B$2:$B$61,A3,Dettaglio!$P$2:$P$61) -> 0.033333333 | E3: =AVERAGEIF(Dettaglio!$B$2:$B$61,A3,Dettaglio!$Q$2:$Q$61) -> 0.02 | F3: =AVERAGEIF(Dettaglio!$B$2:$B$61,A3,Dettaglio!$M$2:$M$61) -> 0.89333333 | G3: =AVERAGEIF(Dettaglio!$B$2:$B$61,A3,Dettaglio!$N$2:$N$61) -> 0.90666667 | H3: =G3-F3 -> 0.013333333 | I3: =SQRT(SUMPRODUCT((Dettaglio!$B$2:$B$61=A3)*(Dettaglio!$F$2:$F$61-B3)^2)/(COUNTIF(Dettaglio!$B$2:$B$61,A3)-1)) -> 0.36579984 | J3: =SQRT(SUMPRODUCT((Dettaglio!$B$2:$B$61=A3)*(Dettaglio!$K$2:$K$61-C3)^2)/(COUNTIF(Dettaglio!$B$2:$B$61,A3)-1)) -> 0.38297084 | K3: =SQRT(SUMPRODUCT((Dettaglio!$B$2:$B$61=A3)*(Dettaglio!$P$2:$P$61-D3)^2)/(COUNTIF(Dettaglio!$B$2:$B$61,A3)-1)) -> 0.27945525 | L3: =SQRT(SUMPRODUCT((Dettaglio!$B$2:$B$61=A3)*(Dettaglio!$Q$2:$Q$61-E3)^2)/(COUNTIF(Dettaglio!$B$2:$B$61,A3)-1)) -> 0.29568323
A4: C2 | B4: =AVERAGEIF(Dettaglio!$B$2:$B$61,A4,Dettaglio!$F$2:$F$61) -> 0.62666667 | C4: =AVERAGEIF(Dettaglio!$B$2:$B$61,A4,Dettaglio!$K$2:$K$61) -> 0.64 | D4: =AVERAGEIF(Dettaglio!$B$2:$B$61,A4,Dettaglio!$P$2:$P$61) -> -0.073333333 | E4: =AVERAGEIF(Dettaglio!$B$2:$B$61,A4,Dettaglio!$Q$2:$Q$61) -> -0.073333333 | F4: =AVERAGEIF(Dettaglio!$B$2:$B$61,A4,Dettaglio!$M$2:$M$61) -> 0.82666667 | G4: =AVERAGEIF(Dettaglio!$B$2:$B$61,A4,Dettaglio!$N$2:$N$61) -> 0.82666667 | H4: =G4-F4 -> 0 | I4: =SQRT(SUMPRODUCT((Dettaglio!$B$2:$B$61=A4)*(Dettaglio!$F$2:$F$61-B4)^2)/(COUNTIF(Dettaglio!$B$2:$B$61,A4)-1)) -> 0.359497 | J4: =SQRT(SUMPRODUCT((Dettaglio!$B$2:$B$61=A4)*(Dettaglio!$K$2:$K$61-C4)^2)/(COUNTIF(Dettaglio!$B$2:$B$61,A4)-1)) -> 0.35415896 | K4: =SQRT(SUMPRODUCT((Dettaglio!$B$2:$B$61=A4)*(Dettaglio!$P$2:$P$61-D4)^2)/(COUNTIF(Dettaglio!$B$2:$B$61,A4)-1)) -> 0.23441924 | L4: =SQRT(SUMPRODUCT((Dettaglio!$B$2:$B$61=A4)*(Dettaglio!$Q$2:$Q$61-E4)^2)/(COUNTIF(Dettaglio!$B$2:$B$61,A4)-1)) -> 0.22824381
A5: C3 | B5: =AVERAGEIF(Dettaglio!$B$2:$B$61,A5,Dettaglio!$F$2:$F$61) -> 0.7 | C5: =AVERAGEIF(Dettaglio!$B$2:$B$61,A5,Dettaglio!$K$2:$K$61) -> 0.70666667 | D5: =AVERAGEIF(Dettaglio!$B$2:$B$61,A5,Dettaglio!$P$2:$P$61) -> 0 | E5: =AVERAGEIF(Dettaglio!$B$2:$B$61,A5,Dettaglio!$Q$2:$Q$61) -> -0.0066666667 | F5: =AVERAGEIF(Dettaglio!$B$2:$B$61,A5,Dettaglio!$M$2:$M$61) -> 0.80666667 | G5: =AVERAGEIF(Dettaglio!$B$2:$B$61,A5,Dettaglio!$N$2:$N$61) -> 0.81333333 | H5: =G5-F5 -> 0.0066666667 | I5: =SQRT(SUMPRODUCT((Dettaglio!$B$2:$B$61=A5)*(Dettaglio!$F$2:$F$61-B5)^2)/(COUNTIF(Dettaglio!$B$2:$B$61,A5)-1)) -> 0.31167749 | J5: =SQRT(SUMPRODUCT((Dettaglio!$B$2:$B$61=A5)*(Dettaglio!$K$2:$K$61-C5)^2)/(COUNTIF(Dettaglio!$B$2:$B$61,A5)-1)) -> 0.31728011 | K5: =SQRT(SUMPRODUCT((Dettaglio!$B$2:$B$61=A5)*(Dettaglio!$P$2:$P$61-D5)^2)/(COUNTIF(Dettaglio!$B$2:$B$61,A5)-1)) -> 0.23299295 | L5: =SQRT(SUMPRODUCT((Dettaglio!$B$2:$B$61=A5)*(Dettaglio!$Q$2:$Q$61-E5)^2)/(COUNTIF(Dettaglio!$B$2:$B$61,A5)-1)) -> 0.22824381

Sheet Note metodologiche
A1: Nota | B1: Descrizione
A2: Fonte dati | B2: Conteggi n_male e n_female estratti direttamente dai due file di raccolta (temperatura 0.8 e temperatura 0), filtrando solo le righe con valid=True e choice_gender in {male, female}.
A3: %male / %female | B3: n_male / (n_male + n_female) per ogni cella profession x condition.
A4: Stabilita' | B4: Quota della risposta maggioritaria tra le ripetizioni di una stessa cella: MAX(%male, %female). 50% = massima incertezza (50/50), 100% = accordo totale tra le ripetizioni.
A5: Variazione vs C0 | B5: %male della condizione (C1/C2/C3) meno %male della condizione C0, calcolata separatamente per ogni professione, all'interno dello stesso file/temperatura.
A6: Deviazione standard tra professioni | B6: Nel foglio Aggregato: quanto le 15 professioni si discostano, in media, dal valore medio di quella condizione. Se e' grande rispetto alla media, la media nasconde professioni che si muovono in direzioni opposte (va letto il dettaglio per singola professione, non solo l'aggregato).
